use library;
Insert into auteur(nom, prenom, annee) values ( 'ROWLING', 'j.k.', '1965');
Insert into oeuvre(titre, annee) values ( 'Harry Potter 1', '1997');
Insert into oeuvre(titre, annee) values ( 'Harry Potter 2', '1998');
Insert into oeuvre(titre, annee) values ( 'Harry Potter 3', '1999');
Insert into oeuvre(titre, annee) values ( 'Harry Potter 4', '1999');
Insert into oeuvre(titre, annee) values ( 'Harry Potter 5', '2000');
Insert into oeuvre(titre, annee) values ( 'Harry Potter 5', '2003');
Insert into oeuvre(titre, annee) values ( 'Harry Potter 6', '2005');
Insert into oeuvre(titre, annee) values ( 'Harry Potter 7', '2007');

Insert into edition(ISBN, editeur, annee, id_oeuvre) values ('9782070541270', 'Gallimard', '2003', '1');
Insert into edition(ISBN, editeur, annee, id_oeuvre) values ('9782070584642', 'Folio Junior', '2017', '2');
Insert into edition(ISBN, editeur, annee, id_oeuvre) values ('9782070584925', 'Folio Junior', '2017', '3');
Insert into edition(ISBN, editeur, annee, id_oeuvre) values ('9782070584628', 'Folio Junior', '2017', '1');
Insert into livre(ISBN) values ('9782070541270');
Insert into livre(ISBN) values ('9782070541270');
Insert into livre(ISBN) values ('9782070541270');
Insert into livre(ISBN) values ('9782070541270');
Insert into livre(ISBN) values ('9782070584628');
Insert into livre(ISBN) values ('9782070584628');
Insert into livre(ISBN) values ('9782070584628');
Insert into livre(ISBN) values ('9782070584628');
Insert into livre(ISBN) values ('9782070584628');
Insert into livre(ISBN) values ('9782070584628');
Insert into livre(ISBN) values ('9782070584925');
Insert into livre(ISBN) values ('9782070584925');
Insert into livre(ISBN) values ('9782070584642');
Insert into livre(ISBN) values ('9782070584642');
Insert into livre(ISBN) values ('9782070584642');
Insert into livre(ISBN) values ('9782070584642');
Insert into livre(ISBN) values ('9782070584642');
Insert into livre(ISBN) values ('9782070584642');
Insert into livre(ISBN) values ('9782070584642');
Insert into livre(ISBN) values ('9782070584642');
Insert into auteur(nom, prenom, annee) values ( 'ZOLA', 'emile', '1840');
Insert into oeuvre(titre, annee) values ( 'Germinal', '1993');
Insert into edition(ISBN, editeur, annee, id_oeuvre) values ('9782253004226', 'Poche', '2000', '9');
Insert into livre(ISBN) values ('9782253004226');
Insert into livre(ISBN) values ('9782253004226');
Insert into livre(ISBN) values ('9782253004226');
Insert into a_ecrit(id_oeuvre, id_auteur) values('1', '1');
Insert into a_ecrit(id_oeuvre, id_auteur) values('2', '1');
Insert into a_ecrit(id_oeuvre, id_auteur) values('3', '1');
Insert into a_ecrit(id_oeuvre, id_auteur) values('4', '1');
Insert into a_ecrit(id_oeuvre, id_auteur) values('5', '1');
Insert into a_ecrit(id_oeuvre, id_auteur) values('6', '1');
Insert into a_ecrit(id_oeuvre, id_auteur) values('7', '1');
Insert into a_ecrit(id_oeuvre, id_auteur) values('8', '1');
Insert into a_ecrit(id_oeuvre, id_auteur) values('9', '2');
Insert into oeuvre(titre, annee) values ( 'L\'assommoir', '1971');
Insert into a_ecrit(id_oeuvre, id_auteur) values('10', '2');
Insert into edition(ISBN, editeur, annee, id_oeuvre) values ('9782253002857', 'Poche', '1971', '10');
Insert into livre(ISBN) values ('9782253002857');
Insert into auteur(nom, prenom, annee) values ( 'PEREC', 'george', '1936');
Insert into oeuvre(titre, annee) values ( 'La disparition', '1969');
Insert into a_ecrit(id_oeuvre, id_auteur) values('11', '3');
Insert into edition(ISBN, editeur, annee, id_oeuvre) values ('9782070715237', 'Gallimard', '1989', '11');
Insert into livre(ISBN) values ('9782070715237');
Insert into livre(ISBN) values ('9782070715237');
Insert into livre(ISBN) values ('9782070715237');
Insert into livre(ISBN) values ('9782070715237');
Insert into auteur(nom, prenom, annee) values ( 'GOSCINNY', 'rene', '1977');
Insert into auteur(nom, prenom, annee) values ( 'UDERZO', 'albert', '1927');
Insert into oeuvre(titre, annee) values ( 'Astérix le Goulois', '1959');
Insert into edition(ISBN, editeur, annee, id_oeuvre) values ('9782012101333', 'HACHETTE', '2004', '12');
Insert into a_ecrit(id_oeuvre, id_auteur) values('12', '4');
Insert into a_ecrit(id_oeuvre, id_auteur) values('12', '5');
Insert into livre(ISBN) values ('9782012101333');
Insert into livre(ISBN) values ('9782012101333');
Insert into livre(ISBN) values ('9782012101333');
Insert into livre(ISBN) values ('9782012101333');
Insert into livre(ISBN) values ('9782012101333');
Insert into livre(ISBN) values ('9782012101333');
Insert into livre(ISBN) values ('9782012101333');
Insert into livre(ISBN) values ('9782012101333');
Insert into livre(ISBN) values ('9782012101333');
Insert into livre(ISBN) values ('9782012101333');
